id_installation,installation,code_commune,commune,epci_code,epci_nom,code_departement,departement,equipments_total,bassins_total,operational_status_code,operational_status_label,operational_status_reason,status_source,status_source_url,status_reviewed_at,status_confidence,status_verified_by,status_is_manual,status_override_comment,survey_date_latest,state_change_date_latest
I592910011,Piscine André Leduc,59291,Hautmont,200043396,CA Maubeuge Val de Sambre,59,Nord,2,2,closed,Fermé / hors service,Le site municipal mentionne explicitement la piscine André-Leduc fermée en 2019.,Mairie d'Hautmont,https://www.mairie-hautmont.fr/les-quartiers-dhautmont/,2026-03-11,Forte,,1,Le site municipal mentionne explicitement la piscine André-Leduc fermée en 2019.,2025-03-31,2023-11-20
I592950020,Piscine intercommunale d'Hazebrouck,59295,Hazebrouck,200040947,CC de Flandre Intérieure,59,Nord,2,2,closed,Fermé / hors service,Le procès-verbal municipal de mai 2025 indique explicitement que la piscine d'intérêt communautaire d'Hazebrouck est fermée définitivement depuis décembre 2024 pour raisons techniques.,Ville d'Hazebrouck,https://www.ville-hazebrouck.fr/download/file/13952?key=JveZPe3zsLqf%2FMFO4CyMjA%3D%3D,2026-03-16,Forte,,1,Le procès-verbal municipal de mai 2025 indique explicitement que la piscine d'intérêt communautaire d'Hazebrouck est fermée définitivement depuis décembre 2024 pour raisons techniques.,2025-03-31,2024-05-14
I593240009,PISCINE COUBERTIN,59324,Jeumont,200043396,CA Maubeuge Val de Sambre,59,Nord,1,1,closed,Fermé / hors service,"Le rapport d'activités 2024 de l'agglomération mentionne en juillet 2025 la déconstruction de la piscine Pierre de Coubertin à Jeumont, ce qui confirme la fermeture définitive de l'ancien site.",Agglo Maubeuge-Val de Sambre,https://agglo-maubeugevaldesambre.fr/wp-content/uploads/2025/09/Rapport-dactivites-2024.pdf,2026-03-16,Forte,,1,"Le rapport d'activités 2024 de l'agglomération mentionne en juillet 2025 la déconstruction de la piscine Pierre de Coubertin à Jeumont, ce qui confirme la fermeture définitive de l'ancien site.",2025-03-31,2024-04-24
I593400009,PISCINE PAUL HANCOLAS ET SALLE DEMARTINICOURT,59340,Leffrinckoucke,245900428,CU de Dunkerque,59,Nord,5,2,closed,Fermé / hors service,"Le magazine municipal hiver 2024 indique qu'un espace multisports a été aménagé dans l'ancienne piscine Paul Haucolas, ce qui confirme que l'ancienne piscine n'est plus en exploitation.",Commune de Leffrinckoucke,https://leffrinckoucke.fr/wp-content/uploads/Magazine_Leffrinckou_Quoi_n16_Hiver_2024.pdf,2026-03-16,Forte,,1,"Le magazine municipal hiver 2024 indique qu'un espace multisports a été aménagé dans l'ancienne piscine Paul Haucolas, ce qui confirme que l'ancienne piscine n'est plus en exploitation.",2025-03-31,2024-04-24
I593500108,Piscine Olympique Marx Dormoy,59350,Lille,200093201,Métropole Européenne de Lille,59,Nord,5,2,closed,Fermé / hors service,La Ville de Lille indique sur la concertation officielle que la piscine Marx Dormoy a fermé définitivement en juin 2025 et qu'un bassin provisoire doit la remplacer en 2026.,Ville de Lille,https://jeparticipe.lille.fr/processes/TransformerLillefives/f/49/proposals/611,2026-03-16,Forte,,1,La Ville de Lille indique sur la concertation officielle que la piscine Marx Dormoy a fermé définitivement en juin 2025 et qu'un bassin provisoire doit la remplacer en 2026.,2025-03-31,2024-04-24
I595270004,"Complexe Piscine, volley",59527,Saint-André-lez-Lille,200093201,Métropole Européenne de Lille,59,Nord,5,2,closed,Fermé / hors service,"La ville indique que la piscine municipale a été fermée immédiatement en décembre 2022 pour raisons de sécurité et qu'une nouvelle piscine métropolitaine n'est attendue qu'entre 2028 et 2029, ce qui confirme la fermeture durable du site actuel.",Ville de Saint-André-lez-Lille,https://www.villesaintandre.fr/15463-piscine-municipale.htm,2026-03-16,Forte,,1,"La ville indique que la piscine municipale a été fermée immédiatement en décembre 2022 pour raisons de sécurité et qu'une nouvelle piscine métropolitaine n'est attendue qu'entre 2028 et 2029, ce qui confirme la fermeture durable du site actuel.",2025-03-31,2020-01-08
I806200031,Piscine Tournesol,80620,Péronne,200037059,CC de la Haute Somme (Combles - Péronne - Roisel),80,Somme,3,1,closed,Fermé / hors service,"Le procès-verbal communautaire de février 2018 mentionne explicitement la démolition de la piscine Tournesol rue Saint-Denis à Péronne, en lien avec la construction du centre aquatique O2 Somme.",Communauté de Communes de la Haute Somme,https://www.coeurhautesomme.fr/wp-content/uploads/2023/11/180201_PV-du-Conseil-Commuanutaire.pdf,2026-03-16,Forte,,1,"Le procès-verbal communautaire de février 2018 mentionne explicitement la démolition de la piscine Tournesol rue Saint-Denis à Péronne, en lien avec la construction du centre aquatique O2 Somme.",2025-03-31,2011-11-22
I023340006,Piscine,02334,Fresnoy-le-Grand,240200493,CC du Pays du Vermandois,02,Aisne,3,2,temporary_closed,Fermé temporairement / travaux,"La page officielle présente en mars 2026 le centre aquatique du Vermandois comme un site en rénovation, avec photos de chantier datées de janvier et mars 2026.",CC du Pays du Vermandois,https://cc-vermandois.com/centre-aquatique-du-vermandois,2026-03-16,Forte,,1,"La page officielle présente en mars 2026 le centre aquatique du Vermandois comme un site en rénovation, avec photos de chantier datées de janvier et mars 2026.",2025-03-31,2024-04-23
I590080007,piscine municipale,59008,Aniche,245901152,CC Cœur d'Ostrevent,59,Nord,1,1,temporary_closed,Fermé temporairement / travaux,"La ville d'Aniche a publié le 1er juin 2025 un arrêté de péril imminent concernant la piscine Tournesol après un incendie criminel, ce qui confirme une fermeture temporaire du site.",Ville d'Aniche,https://www.aniche.fr/actualites/nouvelles/2025-juin/14308-arrete-de-peril-imminent-piscine-tournesol-rue-leo-lagrange-suite-a-un-incendie-criminel,2026-03-16,Forte,,1,"La ville d'Aniche a publié le 1er juin 2025 un arrêté de péril imminent concernant la piscine Tournesol après un incendie criminel, ce qui confirme une fermeture temporaire du site.",2025-03-31,2015-07-15
I590280009,PISCINE MUNICIPALE,59028,Auby,200044618,CA Douaisis Agglo,59,Nord,2,2,temporary_closed,Fermé temporairement / travaux,Le site municipal annonce le 22 janvier 2026 une fermeture temporaire pour problème technique sans date de réouverture.,Ville d'Auby,https://auby.fr/2026/01/22/la-piscine-municipale-temporairement-fermee-pour-un-probleme-technique/,2026-03-11,Forte,,1,Le site municipal annonce le 22 janvier 2026 une fermeture temporaire pour problème technique sans date de réouverture.,2025-03-31,2015-09-29
I590360001,Piscine Laurent Swaenepoel,59036,Avesnes-sur-Helpe,200043263,CC Cœur de l'Avesnois,59,Nord,5,2,temporary_closed,Fermé temporairement / travaux,Canal FM indique le 9 octobre 2025 que la piscine d'Avesnes-sur-Helpe est fermée au public depuis plus de 10 ans et que les travaux de réhabilitation ont démarré début septembre 2025 pour une réouverture visée en septembre ou octobre 2026.,Canal FM,https://www.canalfm.fr/avesnes-sur-helpe-80-de-subventions-pour-requalifier-l-ancienne-piscine,2026-03-16,Moyenne,,1,Canal FM indique le 9 octobre 2025 que la piscine d'Avesnes-sur-Helpe est fermée au public depuis plus de 10 ans et que les travaux de réhabilitation ont démarré début septembre 2025 pour une réouverture visée en septembre ou octobre 2026.,2025-03-31,2015-12-11
I592860012,"Centre Aquatique Loos Haubourdin ""NEPTUNIA""",59286,Haubourdin,200093201,Métropole Européenne de Lille,59,Nord,6,3,temporary_closed,Fermé temporairement / travaux,Fermeture anticipée au 1er septembre 2025 annoncée officiellement pour Neptunia.,Ville d'Haubourdin,https://www.haubourdin.fr/2025/08/19/fermeture-piscine-neptunia/,2026-03-11,Forte,,1,Fermeture anticipée au 1er septembre 2025 annoncée officiellement pour Neptunia.,2025-03-31,2024-04-24
I595070005,PISCINE MUNICIPALE,59507,Ronchin,200093201,Métropole Européenne de Lille,59,Nord,3,2,temporary_closed,Fermé temporairement / travaux,La Ville de Ronchin indique trois semaines avant le 11 mars 2026 que la piscine municipale est fermée et ne peut pas rouvrir avant le 1er mars 2026 au mieux.,Ville de Ronchin,https://ville-ronchin.fr/piscine-informations,2026-03-11,Forte,,1,La Ville de Ronchin indique trois semaines avant le 11 mars 2026 que la piscine municipale est fermée et ne peut pas rouvrir avant le 1er mars 2026 au mieux.,2025-03-31,2024-04-24
I595080005,PISCINE,59508,Roncq,200093201,Métropole Européenne de Lille,59,Nord,1,1,temporary_closed,Fermé temporairement / travaux,"La ville indique le 13 novembre 2025 que la piscine municipale est fermée à la suite de l'inondation d'un local technique et ne pourra pas rouvrir avant le 1er mars 2026 au mieux, ce qui confirme une fermeture temporaire prolongée.",Ville de Roncq,https://www.roncq.fr/actualites/piscine-fermeture-prolongee,2026-03-16,Forte,,1,"La ville indique le 13 novembre 2025 que la piscine municipale est fermée à la suite de l'inondation d'un local technique et ne pourra pas rouvrir avant le 1er mars 2026 au mieux, ce qui confirme une fermeture temporaire prolongée.",2025-03-31,2024-04-24
I595120028,Centre Nautique THALASSA,59512,Roubaix,200093201,Métropole Européenne de Lille,59,Nord,3,1,temporary_closed,Fermé temporairement / travaux,Le site officiel indique que le centre nautique Thalassa est fermé temporairement pour travaux.,SIVU Thalassa,https://www.sivu-thalassa.fr/centre-nautique-thalassa-horaires-tarifs,2026-03-11,Forte,,1,Le site officiel indique que le centre nautique Thalassa est fermé temporairement pour travaux.,2025-03-31,2024-04-24
I601590032,PISCINE HIVER AVENUE D'HUY,60159,Compiègne,200067965,CA de la Région de Compiègne et de la Basse Automne,60,Oise,3,2,temporary_closed,Fermé temporairement / travaux,"Le magazine communautaire de février 2026 indique que la piscine de Huy, non ouverte au public, va bénéficier d'un important chantier en 2026.",Agglomération de la Région de Compiègne,https://www.agglo-compiegne.fr/sites/default/files/2026-02/CNV%20442.pdf,2026-03-16,Forte,,1,"Le magazine communautaire de février 2026 indique que la piscine de Huy, non ouverte au public, va bénéficier d'un important chantier en 2026.",2025-03-31,2024-04-24
I800210027,Piscine Le Nautilus (structurant),80021,Amiens,248000531,CA Amiens Métropole,80,Somme,3,3,temporary_closed,Fermé temporairement / travaux,Amiens Métropole indique en novembre 2025 que la piscine Nautilus est en travaux avec premiers plongeons début 2027.,Amiens Métropole,https://www.amiens.fr/Actualites/Le-Nautilus-se-reinvente,2026-03-11,Forte,,1,Amiens Métropole indique en novembre 2025 que la piscine Nautilus est en travaux avec premiers plongeons début 2027.,2025-03-31,2018-02-23
I020370001,Complexe sportif,02037,Aulnois-sous-Laon,200043495,CA du Pays de Laon,02,Aisne,4,2,verify,Statut à vérifier,La page officielle de la piscine sur le site communal conserve une information de non-ouverture à l'été 2020 et n'apporte pas de calendrier récent de réouverture. Je n'ai pas retrouvé de mise à jour officielle plus récente.,Commune d'Aulnois-sous-Laon,https://aulnois.jimdoweb.com/la-piscine/,2026-03-16,Moyenne,,1,La page officielle de la piscine sur le site communal conserve une information de non-ouverture à l'été 2020 et n'apporte pas de calendrier récent de réouverture. Je n'ai pas retrouvé de mise à jour officielle plus récente.,2025-03-31,2024-02-22
I022090001,Piscine Municipale (type entérée),02209,Condé-en-Brie,200072031,CA de la Région de Château-Thierry,02,Aisne,1,1,verify,Statut à vérifier,"Le site communal indique toujours que la piscine n'a pas ouvert à l'été 2020, et le compte rendu du conseil municipal du 13 juin 2022 acte la clôture de la régie piscine. Je n'ai pas retrouvé de source officielle plus récente confirmant une réouverture.",Commune de Condé-en-Brie,https://www.conde-en-brie.fr/mairie/comptes-rendus-municipaux.php,2026-03-16,Moyenne,,1,"Le site communal indique toujours que la piscine n'a pas ouvert à l'été 2020, et le compte rendu du conseil municipal du 13 juin 2022 acte la clôture de la régie piscine. Je n'ai pas retrouvé de source officielle plus récente confirmant une réouverture.",2025-03-31,2024-07-03
I596540006,PISCINE MUNICIPALE,59654,Waziers,200044618,CA Douaisis Agglo,59,Nord,2,2,verify,Statut à vérifier,"La source communale visible en 2026 parle d'une fermeture provisoire à titre conservatoire, mais un article de presse locale publié en 2024 évoque une fermeture définitive actée. En l'état, le statut exact doit être confirmé avant de trancher.",Ville de Waziers,https://www.intramuros.org/waziers/decouvrir/4629,2026-03-16,Moyenne,,1,"La source communale visible en 2026 parle d'une fermeture provisoire à titre conservatoire, mais un article de presse locale publié en 2024 évoque une fermeture définitive actée. En l'état, le statut exact doit être confirmé avant de trancher.",2025-03-31,2015-06-19
I620480002,COMPLEXE BASLY,62048,Auchel,200072460,"CA de Béthune-Bruay, Artois-Lys Romane",62,Pas-de-Calais,10,2,verify,Statut à vérifier,"La mairie affiche une page indiquant que la piscine d'Auchel est fermée actuellement pour raisons techniques, mais d'autres pages municipales récentes d'associations sportives continuent de mentionner des créneaux à la piscine. Le statut exact doit donc être confirmé avant de trancher.",Ville d'Auchel,https://www.auchel.fr/piscine-dauchel-fermee/,2026-03-16,Moyenne,,1,"La mairie affiche une page indiquant que la piscine d'Auchel est fermée actuellement pour raisons techniques, mais d'autres pages municipales récentes d'associations sportives continuent de mentionner des créneaux à la piscine. Le statut exact doit donc être confirmé avant de trancher.",2025-03-31,2024-04-24
I627670011,Piscine Municipale,62767,Saint-Pol-sur-Ternoise,200069672,CC du Ternois,62,Pas-de-Calais,2,2,verify,Statut à vérifier,"L'annuaire municipal conserve une fiche dédiée à la piscine municipale de Saint-Pol-sur-Ternoise, mais sans horaires, calendrier d'ouverture ni indication récente d'exploitation. Le statut actuel reste donc à confirmer.",Ville de Saint-Pol-sur-Ternoise,https://www.saintpolsurternoise.fr/annuaire/piscine-saint-pol-sur-ternoise/,2026-03-16,Moyenne,,1,"L'annuaire municipal conserve une fiche dédiée à la piscine municipale de Saint-Pol-sur-Ternoise, mais sans horaires, calendrier d'ouverture ni indication récente d'exploitation. Le statut actuel reste donc à confirmer.",2025-03-31,2014-11-16
I020710003,"Camping ""La Croix du vieux Pont",02071,Berny-Rivière,200071991,CC Retz-en-Valois,02,Aisne,11,3,seasonal,Ouverture saisonnière,"Le site officiel du camping indique une ouverture du 27 mars au 1er novembre 2026 et précise que la piscine couverte est ouverte d'avril à octobre, ce qui confirme un fonctionnement saisonnier.",La Croix du Vieux Pont,https://www.la-croix-du-vieux-pont.com/parc-aquatique-et-plage/,2026-03-16,Forte,,1,"Le site officiel du camping indique une ouverture du 27 mars au 1er novembre 2026 et précise que la piscine couverte est ouverte d'avril à octobre, ce qui confirme un fonctionnement saisonnier.",2025-03-31,2024-02-05
I602380004,PISCINE JEAN TOURSIERE,60238,Fleurines,200066975,CC Senlis Sud Oise,60,Oise,1,1,seasonal,Ouverture saisonnière,"La page officielle de la commune présente une piscine d'été avec tarification de saison et modalités d'ouverture estivales, ce qui confirme une ouverture saisonnière.",Mairie de Fleurines,https://fleurines.fr/culture%2C-sports-et-loisirs/loisirs-sportifs/piscine-d-%C3%A9t%C3%A9.html,2026-03-16,Forte,,1,"La page officielle de la commune présente une piscine d'été avec tarification de saison et modalités d'ouverture estivales, ce qui confirme une ouverture saisonnière.",2025-03-31,2018-10-25
I621780006,Piscine Art Déco,62178,Bruay-la-Buissière,200072460,"CA de Béthune-Bruay, Artois-Lys Romane",62,Pas-de-Calais,2,2,seasonal,Ouverture saisonnière,"La page officielle des piscines communautaires précise que la piscine communautaire de Bruay-La-Buissière ferme pour la saison hivernale à compter du 28 septembre 2025, ce qui confirme une ouverture saisonnière.",Béthune-Bruay Agglomération,https://www.bethunebruay.fr/index.php/fr/piscines-communautaires,2026-03-16,Forte,,1,"La page officielle des piscines communautaires précise que la piscine communautaire de Bruay-La-Buissière ferme pour la saison hivernale à compter du 28 septembre 2025, ce qui confirme une ouverture saisonnière.",2025-03-31,2024-03-13
I624570001,PARC DEPARTEMENTAL DE NATURE ET DE LOISIRS D'OLHAIN,62356,Fresnicourt-le-Dolmen,200072460,"CA de Béthune-Bruay, Artois-Lys Romane",62,Pas-de-Calais,21,2,seasonal,Ouverture saisonnière,"Le Département indique pour l'été 2025 que la piscine du parc d'Olhain est ouverte en juillet-août sur deux créneaux horaires, ce qui confirme une ouverture saisonnière.",Département du Pas-de-Calais,https://www.pasdecalais.fr/cest-lete-au-parc-departemental-dolhain,2026-03-16,Forte,,1,"Le Département indique pour l'été 2025 que la piscine du parc d'Olhain est ouverte en juillet-août sur deux créneaux horaires, ce qui confirme une ouverture saisonnière.",2025-03-31,2024-09-19
I628260004,CENTRE TENNISTIQUE PIERRE DE COUBERTIN,62826,Le Touquet-Paris-Plage,200069029,CA des Deux Baies en Montreuillois,62,Pas-de-Calais,27,1,seasonal,Ouverture saisonnière,La fiche officielle du Centre Tennistique Pierre de Coubertin précise que la piscine extérieure chauffée de 25 m est ouverte d'avril à septembre selon les conditions climatiques.,Office de tourisme du Touquet-Paris-Plage,https://www.letouquet.com/activites/centre-tennistique-pierre-de-coubertin/,2026-03-16,Forte,,1,La fiche officielle du Centre Tennistique Pierre de Coubertin précise que la piscine extérieure chauffée de 25 m est ouverte d'avril à septembre selon les conditions climatiques.,2025-03-31,2024-03-12
I625060002,SALLE DE JEUX ET TERRAINS DE PETANQUE,62506,Licques,200072478,CC Pays d'Opale,62,Pas-de-Calais,3,1,seasonal,Ouverture saisonnière,"Le site officiel du camping de Licques indique une piscine chauffée couverte et précise une ouverture du camping du 1 avril 2026 au 10 octobre 2026, ce qui confirme un fonctionnement saisonnier du site.",Camping Pommiers des 3 Pays,https://www.pommiers-3pays.com/,2026-03-16,Forte,,1,"Le site officiel du camping de Licques indique une piscine chauffée couverte et précise une ouverture du camping du 1 avril 2026 au 10 octobre 2026, ce qui confirme un fonctionnement saisonnier du site.",2025-03-31,2024-04-24
I020590004,Piscine Lucien Lahaye,02059,Beautor,200071785,CA Chauny-Tergnier-La Fère,02,Aisne,2,2,open_probable,Ouvert probable,"La page municipale des services de Beautor présente la piscine Lucien Lahaye avec ses tarifs, ses coordonnées et ses activités, ce qui confirme l'exploitation du site.",Ville de Beautor,https://ville-de-beautor.jimdosite.com/services/,2026-03-16,Moyenne,,1,"La page municipale des services de Beautor présente la piscine Lucien Lahaye avec ses tarifs, ses coordonnées et ses activités, ce qui confirme l'exploitation du site.",2025-03-31,2024-04-23
I021730004,Espace Aquatique Oasis,02173,Chauny,200071785,CA Chauny-Tergnier-La Fère,02,Aisne,3,3,open_probable,Ouvert probable,"La communauté d'agglomération présente l'espace aquatique Oasis avec activités, horaires et informations pratiques, ce qui confirme l'exploitation du centre.",CA Chauny-Tergnier-La Fère,https://www.ctlf.fr/equipements/espace-aquatique-oasis/,2026-03-16,Forte,,1,"La communauté d'agglomération présente l'espace aquatique Oasis avec activités, horaires et informations pratiques, ce qui confirme l'exploitation du centre.",2025-03-31,2024-04-23
I021680004,Complexe Citélium,02168,Château-Thierry,200072031,CA de la Région de Château-Thierry,02,Aisne,3,3,open_probable,Ouvert probable,"La communauté d'agglomération présente Citélium comme centre aquatique géré et exploité sur le territoire, sans signal de fermeture durable.",CARCT,https://www.carct.fr/maccompagne/pour-bouger-et-me-divertir/ou-pratiquer/le-centre-aquatique-citelium-a-chateau-thierry,2026-03-16,Forte,,1,"La communauté d'agglomération présente Citélium comme centre aquatique géré et exploité sur le territoire, sans signal de fermeture durable.",2025-03-31,2024-09-24
I023400001,Piscine,02340,Gauchy,200071892,CA du Saint-Quentinois,02,Aisne,4,2,open_probable,Ouvert probable,"La page officielle de l'Agglomération décrit les bassins, les activités et les infos pratiques de la piscine de Gauchy, ce qui confirme l'exploitation du site.",Agglomération du Saint-Quentinois,https://www.agglo-saintquentinois.fr/passionnante/les-piscines-et-espaces-aquatiques/la-piscine-de-gauchy-1149.html,2026-03-16,Forte,,1,"La page officielle de l'Agglomération décrit les bassins, les activités et les infos pratiques de la piscine de Gauchy, ce qui confirme l'exploitation du site.",2025-03-31,2024-02-23
I023610002,Centre aquatique AQUOISIA,02361,Guise,200071983,CC Thiérache Sambre et Oise,02,Aisne,3,1,open_probable,Ouvert probable,"Le site officiel d'Aquoisia présente le centre aquatique, ses activités et son fonctionnement, ce qui confirme l'ouverture du site de Guise.",Aquoisia,https://www.aquoisia.fr/,2026-03-16,Forte,,1,"Le site officiel d'Aquoisia présente le centre aquatique, ses activités et son fonctionnement, ce qui confirme l'ouverture du site de Guise.",2025-03-31,2023-11-28
I023810011,"Espace aquatique ""L'Ile Verte""",02381,Hirson,240200600,CC des Trois Rivières,02,Aisne,6,2,open_probable,Ouvert probable,"Le site officiel de l'Ile Verte détaille les activités aquatiques, les cours et les tarifs à Hirson, ce qui confirme l'exploitation du site.",Cap Ile Verte,https://cap-ile-verte.com/nos-3-espaces/espace-aquatique,2026-03-16,Forte,,1,"Le site officiel de l'Ile Verte détaille les activités aquatiques, les cours et les tarifs à Hirson, ce qui confirme l'exploitation du site.",2025-03-31,2024-01-30
I024080034,Le dôme - Centre aquatique & patinoire,02408,Laon,200043495,CA du Pays de Laon,02,Aisne,6,3,open_probable,Ouvert probable,La page horaires du Dôme affiche des créneaux publics réguliers,Le Dôme Laon,https://www.ledome-equalia.fr/tarifs-horaires/,2026-03-11,Moyenne,,1,La page horaires du Dôme affiche des créneaux publics réguliers,2025-03-31,2024-04-23
I026910035,Base Urbaine de Loisirs de Saint Quentin,02691,Saint-Quentin,200071892,CA du Saint-Quentinois,02,Aisne,9,5,open_probable,Ouvert probable,"L'annuaire officiel de la ville référence la BUL comme piscine active avec coordonnées et site internet de l'exploitant, sans signal de fermeture.",Ville de Saint-Quentin,https://www.saint-quentin.fr/TPL_CODE/TPL_ANNUAIRE/PAR_TPL_IDENTIFIANT/626/1344-annuaire.htm,2026-03-16,Moyenne,,1,"L'annuaire officiel de la ville référence la BUL comme piscine active avec coordonnées et site internet de l'exploitant, sans signal de fermeture.",2025-03-31,2024-04-23
I026910012,Piscine Jean Bouin,02691,Saint-Quentin,200071892,CA du Saint-Quentinois,02,Aisne,4,3,open_probable,Ouvert probable,"La page officielle de la piscine Jean Bouin présente l'équipement, ses accès et ses infos horaires, sans signal de fermeture ou d'interruption durable.",Agglomération du Saint-Quentinois,https://www.agglo-saintquentinois.fr/passionnante/les-piscines-et-espaces-aquatiques/la-piscine-jean-bouin-1148.html,2026-03-16,Forte,,1,"La page officielle de la piscine Jean Bouin présente l'équipement, ses accès et ses infos horaires, sans signal de fermeture ou d'interruption durable.",2025-03-31,2024-01-30
I027200001,Espace sportif - Centre aquatique Rêvéo,02720,Sissonne,240200576,CC de la Champagne Picarde,02,Aisne,7,2,open_probable,Ouvert probable,Le site du centre aquatique Rêvéo publie des horaires d'ouverture et le centre recrute encore pour l'accueil du public et des scolaires.,Centre aquatique Rêvéo,https://www.reveo-champagnepicarde.fr/espace-bien-etre,2026-03-11,Moyenne,,1,Le site du centre aquatique Rêvéo publie des horaires d'ouverture et le centre recrute encore pour l'accueil du public et des scolaires.,2025-03-31,2024-04-23
I028100025,Piscine Intercommunale de Villers-Cotterêts,02810,Villers-Cotterêts,200071991,CC Retz-en-Valois,02,Aisne,2,2,open_probable,Ouvert probable,La page municipale des équipements sportifs mentionne la piscine intercommunale de Villers-Cotterêts avec un lien direct vers ses horaires et tarifs.,Mairie de Villers-Cotterêts,https://www.mairie-villerscotterets.fr/sports-et-equipements-sportifs/,2026-03-16,Moyenne,,1,La page municipale des équipements sportifs mentionne la piscine intercommunale de Villers-Cotterêts avec un lien direct vers ses horaires et tarifs.,2025-03-31,2019-07-25
I590170009,Centre aquatique Calyssia,59017,Armentières,200093201,Métropole Européenne de Lille,59,Nord,3,3,open_probable,Ouvert probable,La ville d'Armentières présente Calyssia comme centre aquatique ouvert 7 jours sur 7 avec activités et informations pratiques à jour.,Ville d'Armentières,https://www.ville-armentieres.fr/bienvenue-calyssia,2026-03-16,Forte,,1,La ville d'Armentières présente Calyssia comme centre aquatique ouvert 7 jours sur 7 avec activités et informations pratiques à jour.,2025-03-31,2024-01-30
I590330010,Complexe Aquatique l'Aiguade,59033,Aulnoye-Aymeries,200043396,CA Maubeuge Val de Sambre,59,Nord,5,4,open_probable,Ouvert probable,La page publique de l'agglo présente l'Aiguade comme un équipement ouvert toute l'année avec horaires variés.,Agglomération Maubeuge Val de Sambre,https://agglo-maubeugevaldesambre.fr/au-quotidien/les-piscines/aiguade-aulnoye-aymeries/,2026-03-11,Moyenne,,1,La page publique de l'agglo présente l'Aiguade comme un équipement ouvert toute l'année avec horaires variés.,2025-03-31,2019-04-13
I590940007,Piscine Municipale,59094,Bourbourg,245900428,CU de Dunkerque,59,Nord,1,1,open_probable,Ouvert probable,"La ville de Bourbourg présente sa piscine municipale, ses activités, ses tarifs et précise qu'elle est ouverte du mardi au samedi, ce qui confirme l'exploitation du site.",Ville de Bourbourg,https://www.bourbourg.fr/vivre-a-bourbourg/nos-equipements/piscine-municipale/,2026-03-16,Forte,,1,"La ville de Bourbourg présente sa piscine municipale, ses activités, ses tarifs et précise qu'elle est ouverte du mardi au samedi, ce qui confirme l'exploitation du site.",2025-03-31,2019-05-18
I591070012,Piscine Municipale,59107,Bray-Dunes,245900428,CU de Dunkerque,59,Nord,1,1,open_probable,Ouvert probable,"Le programme estival officiel 2025 de Bray-Dunes présente la piscine municipale avec horaires de vacances et activités aquatiques, ce qui confirme l'exploitation du site.",Ville de Bray-Dunes,https://www.bray-dunes.fr/wp-content/uploads/2025/06/livret-estival-25_web.pdf,2026-03-16,Moyenne,,1,"Le programme estival officiel 2025 de Bray-Dunes présente la piscine municipale avec horaires de vacances et activités aquatiques, ce qui confirme l'exploitation du site.",2025-03-31,2024-04-24
I591220021,Piscine les Ondines,59122,Cambrai,200068500,CA de Cambrai,59,Nord,1,1,open_probable,Ouvert probable,La ville de Cambrai publie encore les horaires 2026 des piscines municipales et décrit Les Ondines comme l'une des deux piscines ouvertes de la ville.,Ville de Cambrai,https://www.villedecambrai.com/sports/les-equipements/les-piscines-municipales,2026-03-16,Forte,,1,La ville de Cambrai publie encore les horaires 2026 des piscines municipales et décrit Les Ondines comme l'une des deux piscines ouvertes de la ville.,2025-03-31,2024-04-24
I591220022,Stade Nautique Liberté,59122,Cambrai,200068500,CA de Cambrai,59,Nord,5,5,open_probable,Ouvert probable,"La fiche du Stade Nautique Liberté affiche des horaires hebdomadaires détaillés, des horaires vacances scolaires et les tarifs d'entrée, ce qui confirme l'ouverture au public.",Office de tourisme du Cambrésis,https://www.tourisme-cambresis.fr/stade-nautique-liberte.html,2026-03-16,Moyenne,,1,"La fiche du Stade Nautique Liberté affiche des horaires hebdomadaires détaillés, des horaires vacances scolaires et les tarifs d'entrée, ce qui confirme l'ouverture au public.",2025-03-31,2024-04-24
I591390015,Espace Nautique Intercommunal (ENI),59139,Caudry,200030633,CA du Caudrésis et du Catésis,59,Nord,5,4,open_probable,Ouvert probable,La page officielle des espaces nautiques de la CA2C référence toujours l'espace nautique de Caudry parmi les équipements exploités du territoire.,CA2C,https://www.caudresis-catesis.fr/competences/espaces-nautiques-et-plateaux-sportifs/espaces-nautiques.html,2026-03-16,Moyenne,,1,La page officielle des espaces nautiques de la CA2C référence toujours l'espace nautique de Caudry parmi les équipements exploités du territoire.,2025-03-31,2024-04-24
I591630006,Piscine Municipale,59163,Croix,200093201,Métropole Européenne de Lille,59,Nord,2,2,open_probable,Ouvert probable,"La ville de Croix publie les horaires 2026 et précise une fermeture technique temporaire jusqu'au 8 mars 2026 avec réouverture le 9 mars, ce qui confirme l'ouverture du site.",Ville de Croix,https://www.ville-croix.fr/sports/piscine-municipale/,2026-03-16,Forte,,1,"La ville de Croix publie les horaires 2026 et précise une fermeture technique temporaire jusqu'au 8 mars 2026 avec réouverture le 9 mars, ce qui confirme l'ouverture du site.",2025-03-31,2025-03-06
I591720022,Centre Aqualudique Natur&O,59172,Denain,200042190,CA de la Porte du Hainaut,59,Nord,4,4,open_probable,Ouvert probable,"Le site officiel de Natur&O affiche des horaires jours fériés, des activités et les coordonnées d'accueil en 2026, ce qui confirme l'ouverture au public.",Natur&O Denain,https://www.natureo-denain.fr/,2026-03-16,Forte,,1,"Le site officiel de Natur&O affiche des horaires jours fériés, des activités et les coordonnées d'accueil en 2026, ce qui confirme l'ouverture au public.",2025-03-31,2024-04-26
I591780041,PISCINE BEAU SOLEIL (TOURNESOL),59178,Douai,200044618,CA Douaisis Agglo,59,Nord,1,1,open_probable,Ouvert probable,"La ville de Douai présente la piscine Beausoleil, ses séances publiques et ses activités, ce qui confirme l'ouverture du site.",Ville de Douai,https://www.douai.fr/piscine-beausoleil,2026-03-16,Forte,,1,"La ville de Douai présente la piscine Beausoleil, ses séances publiques et ses activités, ce qui confirme l'ouverture du site.",2025-03-31,2024-01-30
I591780040,PISCINE DES GLACIS,59178,Douai,200044618,CA Douaisis Agglo,59,Nord,3,3,open_probable,Ouvert probable,"La ville de Douai publie une brochure 2026 et les informations pratiques de la piscine des Glacis, ce qui confirme l'ouverture du site.",Ville de Douai,https://www.douai.fr/piscine-des-glacis,2026-03-16,Forte,,1,"La ville de Douai publie une brochure 2026 et les informations pratiques de la piscine des Glacis, ce qui confirme l'ouverture du site.",2025-03-31,2024-04-24
I591830041,BASSIN D INITIATION DELEERSNYDER,59183,Dunkerque,245900428,CU de Dunkerque,59,Nord,1,1,open_probable,Ouvert probable,"La ville de Dunkerque maintient une fiche officielle dédiée au bassin d'initiation Deleersnyder avec renvoi vers les horaires des piscines de Dunkerque, ce qui confirme l'exploitation du site.",Ville de Dunkerque,https://www.ville-dunkerque.fr/decouvrir-sortir-bouger/equipement-detail?cHash=48c90674da74129e9fdbebc1bf6c5e0e&tx_eannuaires_pi1%5Baction%5D=show&tx_eannuaires_pi1%5Bcontroller%5D=Fiche&tx_eannuaires_pi1%5Bfiche%5D=344,2026-03-16,Moyenne,,1,"La ville de Dunkerque maintient une fiche officielle dédiée au bassin d'initiation Deleersnyder avec renvoi vers les horaires des piscines de Dunkerque, ce qui confirme l'exploitation du site.",2025-03-31,2024-01-30
I591830058,PISCINE PAUL ASSEMAN,59183,Dunkerque,245900428,CU de Dunkerque,59,Nord,8,2,open_probable,Ouvert probable,"Une visite guidée officielle programmée le 20 novembre 2025 ouvre la piscine Paul Asseman au public et à ses coulisses, ce qui confirme l'exploitation du site.",Dunkerque Tourisme,https://www.dunkerque-tourisme.fr/offres/fabuleuses-visites-piscine-paul-asseman-dunkerque-fr-6049194/,2026-03-16,Moyenne,,1,"Une visite guidée officielle programmée le 20 novembre 2025 ouvre la piscine Paul Asseman au public et à ses coulisses, ce qui confirme l'exploitation du site.",2025-03-31,2024-09-19
I591830087,Piscine Georges Guynemer,59183,Dunkerque,245900428,CU de Dunkerque,59,Nord,3,3,open_probable,Ouvert probable,"La ville de Dunkerque publie toujours les horaires de la piscine Georges Guynemer et ses dispositifs d'apprentissage de la natation, ce qui confirme l'ouverture du site.",Ville de Dunkerque,https://www.ville-dunkerque.fr/decouvrir-sortir-bouger/sports/les-piscines,2026-03-16,Forte,,1,"La ville de Dunkerque publie toujours les horaires de la piscine Georges Guynemer et ses dispositifs d'apprentissage de la natation, ce qui confirme l'ouverture du site.",2025-03-31,2024-01-30
I591970005,SWIM CENTER PEVELE,59197,Ennevelin,200041960,CC Pévèle-Carembault,59,Nord,1,1,open_probable,Ouvert probable,"Le site officiel du centre aquatique Le Swim annonce un accueil du lundi au dimanche, ses activités et son planning, ce qui confirme l'ouverture du site d'Ennevelin.",Le Swim,https://www.le-swim.fr/,2026-03-16,Forte,,1,"Le site officiel du centre aquatique Le Swim annonce un accueil du lundi au dimanche, ses activités et son planning, ce qui confirme l'ouverture du site d'Ennevelin.",2025-03-31,
I592050005,Piscine Maurice Thorez,59205,Escaudain,200042190,CA de la Porte du Hainaut,59,Nord,2,2,open_probable,Ouvert probable,"La ville d'Escaudain publie les horaires 2025-2026, les tarifs mis à jour au 1er mars 2026 et les activités de la piscine Maurice Thorez, ce qui confirme l'ouverture du site.",Ville d'Escaudain,https://escaudain.fr/piscine-maurice-thorez,2026-03-16,Forte,,1,"La ville d'Escaudain publie les horaires 2025-2026, les tarifs mis à jour au 1er mars 2026 et les activités de la piscine Maurice Thorez, ce qui confirme l'ouverture du site.",2025-03-31,2024-04-24
I592490005,PISCINE MUNICIPALE,59249,Fourmies,200043404,CC du Sud Avesnois,59,Nord,4,2,open_probable,Ouvert probable,"La ville de Fourmies annonce des nouveautés à la piscine à compter du 24 mars 2025 et publie aussi des animations fin 2025, ce qui confirme l'ouverture du site.",Ville de Fourmies,https://www.fourmies.fr/pages/article-nouveautes-piscine-13032025.html,2026-03-16,Forte,,1,"La ville de Fourmies annonce des nouveautés à la piscine à compter du 24 mars 2025 et publie aussi des animations fin 2025, ce qui confirme l'ouverture du site.",2025-03-31,2024-01-30
I592710025,Piscine Léo Lagrange,59271,Grande-Synthe,245900428,CU de Dunkerque,59,Nord,2,2,open_probable,Ouvert probable,Horaires publics publiés fin 2024 après réouverture du grand bassin le 17 septembre 2024.,Ville de Grande-Synthe,https://www.ville-grande-synthe.fr/app/uploads/2024/12/Grande-Synthe-magazine-decembre-2024.pdf,2026-03-11,Moyenne,,1,Horaires publics publiés fin 2024 après réouverture du grand bassin le 17 septembre 2024.,2025-03-31,2024-04-24
I592730013,complexe Maurice Baude et Piscine Municipale,59273,Gravelines,245900428,CU de Dunkerque,59,Nord,4,2,open_probable,Ouvert probable,"La ville de Gravelines publie les horaires et les activités de sa piscine municipale Maurice Baude, ce qui confirme l'ouverture du site.",Ville de Gravelines,https://www.ville-gravelines.fr/index.php?option=com_content&view=article&id=124&Itemid=434,2026-03-16,Forte,,1,"La ville de Gravelines publie les horaires et les activités de sa piscine municipale Maurice Baude, ce qui confirme l'ouverture du site.",2025-03-31,2024-01-30
I592790009,PISCINE MUNICIPALE PHILIPPE CROIZON,59279,Halluin,200093201,Métropole Européenne de Lille,59,Nord,2,1,open_probable,Ouvert probable,"La ville d'Halluin publie une page dédiée à la piscine Philippe Croizon avec présentation et actualités, ce qui confirme l'ouverture du site.",Ville d'Halluin,https://www.halluin.fr/piscine-philippe-croizon,2026-03-16,Forte,,1,"La ville d'Halluin publie une page dédiée à la piscine Philippe Croizon avec présentation et actualités, ce qui confirme l'ouverture du site.",2025-03-31,2024-04-25
I592990008,PISCINE DES TROIS VILLES,59299,Hem,200093201,Métropole Européenne de Lille,59,Nord,1,1,open_probable,Ouvert probable,La ville de Hem référence la Piscine des 3 Villes parmi les équipements actifs avec renvoi vers le site et les horaires de la structure.,Ville de Hem,https://www.ville-hem.fr/associations/piscine-3-villes/,2026-03-16,Forte,,1,La ville de Hem référence la Piscine des 3 Villes parmi les équipements actifs avec renvoi vers le site et les horaires de la structure.,2025-03-31,2019-11-30
I593030010,Piscine des WEPPES,59303,Herlies,200093201,Métropole Européenne de Lille,59,Nord,3,3,open_probable,Ouvert probable,Le site officiel de la Piscine des Weppes annonce un accueil du lundi au dimanche et affiche les informations pratiques du centre.,Piscine des Weppes,https://www.piscinedesweppes.fr/,2026-03-16,Forte,,1,Le site officiel de la Piscine des Weppes annonce un accueil du lundi au dimanche et affiche les informations pratiques du centre.,2025-03-31,2020-03-18
I593680009,PISCINE MUNICIPALE,59368,La Madeleine,200093201,Métropole Européenne de Lille,59,Nord,2,2,open_probable,Ouvert probable,La ville de La Madeleine référence toujours sa piscine municipale dans les équipements sportifs actifs de la commune.,Ville de La Madeleine,https://www.ville-lamadeleine.fr/ma-ville/sports,2026-03-16,Moyenne,,1,La ville de La Madeleine référence toujours sa piscine municipale dans les équipements sportifs actifs de la commune.,2025-03-31,2024-01-30
I593280017,Piscine Municipale,59328,Lambersart,200093201,Métropole Européenne de Lille,59,Nord,1,1,open_probable,Ouvert probable,"La ville de Lambersart publie une page active de la piscine Jean-Guérécheau avec horaires d'ouverture et informations pratiques, ce qui confirme l'ouverture du site.",Ville de Lambersart,https://lambersart.fr/piscine-1,2026-03-16,Forte,,1,"La ville de Lambersart publie une page active de la piscine Jean-Guérécheau avec horaires d'ouverture et informations pratiques, ce qui confirme l'ouverture du site.",2025-03-31,2024-02-08
I591360007,Duo Le Cateau,59136,Le Cateau-Cambrésis,200030633,CA du Caudrésis et du Catésis,59,Nord,4,4,open_probable,Ouvert probable,"Le site officiel du complexe aquatique Duo Le Cateau présente les bassins, les activités et l'accès au centre, ce qui confirme l'ouverture au public.",Duo Le Cateau,https://duo-lecateau.fr/,2026-03-16,Forte,,1,"Le site officiel du complexe aquatique Duo Le Cateau présente les bassins, les activités et l'accès au centre, ce qui confirme l'ouverture au public.",2025-03-31,2024-09-26
I593500093,PISCINE MUNICIPALE/59355/LOMME,59350,Lille,200093201,Métropole Européenne de Lille,59,Nord,3,2,open_probable,Ouvert probable,"La page officielle de la piscine Marie-Wattel publie des horaires, tarifs et activités à jour.",Ville de Lomme,https://www.ville-lomme.fr/Culture-et-loisirs/Le-sport-a-Lomme/Piscine-Marie-Wattel,2026-03-11,Forte,,1,"La page officielle de la piscine Marie-Wattel publie des horaires, tarifs et activités à jour.",2025-03-31,2024-04-24
I593500021,Piscine plein Sud,59350,Lille,200093201,Métropole Européenne de Lille,59,Nord,1,1,open_probable,Ouvert probable,"La ville de Lille publie les horaires de Plein Sud et mentionne seulement une fermeture annuelle jusqu'au 1er mars 2026, avec réouverture le 2 mars 2026, ce qui confirme l'ouverture du site.",Ville de Lille,https://www.lille.fr/Lille-Sud/Decouvrir-le-quartier/Sport/Piscine-Plein-Sud,2026-03-16,Forte,,1,"La ville de Lille publie les horaires de Plein Sud et mentionne seulement une fermeture annuelle jusqu'au 1er mars 2026, avec réouverture le 2 mars 2026, ce qui confirme l'ouverture du site.",2025-03-31,2024-01-30
I593780017,Piscine Municipale,59378,Marcq-en-Barœul,200093201,Métropole Européenne de Lille,59,Nord,3,2,open_probable,Ouvert probable,"La ville de Marcq-en-Barœul diffuse les horaires et modalités d'accès de la piscine municipale, ce qui confirme l'ouverture du site.",Ville de Marcq-en-Barœul,https://www.marcq-en-baroeul.org/mon-quotidien/sports/piscine,2026-03-16,Forte,,1,"La ville de Marcq-en-Barœul diffuse les horaires et modalités d'accès de la piscine municipale, ce qui confirme l'ouverture du site.",2025-03-31,2024-04-24
I593920011,PISCINE TOURNESOL DE L'EPINETTE,59392,Maubeuge,200043396,CA Maubeuge Val de Sambre,59,Nord,1,1,open_probable,Ouvert probable,"L'agglomération publie les horaires de baignade et d'activités de la piscine de l'Épinette à Maubeuge, ce qui confirme l'ouverture du site.",Agglo Maubeuge-Val de Sambre,https://agglo-maubeugevaldesambre.fr/piscines/piscine-de-lepinette/,2026-03-16,Forte,,1,"L'agglomération publie les horaires de baignade et d'activités de la piscine de l'Épinette à Maubeuge, ce qui confirme l'ouverture du site.",2025-03-31,2019-05-21
I594100005,PISCINE MUNICIPALE,59410,Mons-en-Barœul,200093201,Métropole Européenne de Lille,59,Nord,3,3,open_probable,Ouvert probable,La ville de Mons-en-Barœul maintient une page active de la piscine municipale avec lien vers le site de réservation et les tarifs appliqués en 2025.,Ville de Mons-en-Barœul,https://www.monsenbaroeul.fr/vivre-mons-en-baroeul/culture-mons/se-divertir-sepanouir/piscine-municipale,2026-03-16,Forte,,1,La ville de Mons-en-Barœul maintient une page active de la piscine municipale avec lien vers le site de réservation et les tarifs appliqués en 2025.,2025-03-31,2024-04-24
I594490006,PISCINE MUNICIPALE,59449,Orchies,200041960,CC Pévèle-Carembault,59,Nord,1,1,open_probable,Ouvert probable,"La communauté de communes publie en janvier 2025 les horaires et animations de la piscine communautaire d'Orchies, puis confirme en octobre 2025 une fermeture technique ponctuelle de quelques jours seulement.",CC Pévèle Carembault,https://www.pevelecarembault.fr/actualites/natation-et-parcours-flottant-la-piscine-dorchies,2026-03-16,Forte,,1,"La communauté de communes publie en janvier 2025 les horaires et animations de la piscine communautaire d'Orchies, puis confirme en octobre 2025 une fermeture technique ponctuelle de quelques jours seulement.",2025-03-31,2024-02-21
I594840006,Piscine du Sivah,59484,Quiévrechain,245901160,CA Valenciennes Métropole,59,Nord,2,2,open_probable,Ouvert probable,"La ville de Quiévrechain maintient une page officielle de la piscine intercommunale avec coordonnées et intégration des informations d'exploitation du SIVOM, ce qui confirme l'ouverture du site.",Ville de Quiévrechain,https://quievrechain.fr/la-piscine-intercommunale/,2026-03-16,Forte,,1,"La ville de Quiévrechain maintient une page officielle de la piscine intercommunale avec coordonnées et intégration des informations d'exploitation du SIVOM, ce qui confirme l'ouverture du site.",2025-03-31,2024-04-24
I594910002,piscine Louis Poncet,59491,Raismes,200042190,CA de la Porte du Hainaut,59,Nord,1,1,open_probable,Ouvert probable,"La ville de Raismes présente la piscine Louis Poncet comme équipement actif avec horaires, activités et tarifs, ce qui confirme l'ouverture du site.",Ville de Raismes,https://www.ville-raismes.fr/animations/piscine,2026-03-16,Forte,,1,"La ville de Raismes présente la piscine Louis Poncet comme équipement actif avec horaires, activités et tarifs, ce qui confirme l'ouverture du site.",2025-03-31,2024-04-24
I594950004,PISCINE INTERCOMMUNALE,59495,Recquignies,200043396,CA Maubeuge Val de Sambre,59,Nord,1,1,open_probable,Ouvert probable,L'Agglo annonce officiellement la réouverture de la piscine René Vroonhove de Boussois-Recquignies le 18 octobre 2025 après six mois de travaux.,Agglo Maubeuge Val de Sambre,https://agglo-maubeugevaldesambre.fr/renovation-piscine-boussois-recquignies/,2026-03-16,Forte,,1,L'Agglo annonce officiellement la réouverture de la piscine René Vroonhove de Boussois-Recquignies le 18 octobre 2025 après six mois de travaux.,2025-03-31,2024-04-24
I595260001,Centre Aquatique intercommunal de Saint-Amand-les-Eaux,59526,Saint-Amand-les-Eaux,200042190,CA de la Porte du Hainaut,59,Nord,2,2,open_probable,Ouvert probable,"Le site officiel du Dragon d'Eau publie des horaires détaillés pour l'hiver 2026 et des plannings d'activités, ce qui confirme l'ouverture au public.",Au Dragon d'Eau,https://dragondeau.fr/horaires-dragon-deau/,2026-03-16,Forte,,1,"Le site officiel du Dragon d'Eau publie des horaires détaillés pour l'hiver 2026 et des plannings d'activités, ce qui confirme l'ouverture au public.",2025-03-31,2024-05-07
I595440006,PISCINE MUNICIPALE,59544,Saint-Saulve,245901160,CA Valenciennes Métropole,59,Nord,2,2,open_probable,Ouvert probable,"La ville de Saint-Saulve publie les horaires généraux, les activités et les contacts de la piscine municipale, ce qui confirme l'ouverture du site.",Ville de Saint-Saulve,https://www.ville-saint-saulve.fr/piscine/,2026-03-16,Forte,,1,"La ville de Saint-Saulve publie les horaires généraux, les activités et les contacts de la piscine municipale, ce qui confirme l'ouverture du site.",2025-03-31,2024-04-24
I595690010,PISCINE TOURNESOL,59569,Sin-le-Noble,200044618,CA Douaisis Agglo,59,Nord,1,1,open_probable,Ouvert probable,"La ville de Sin-le-Noble publie les horaires 2025-2026, les cours et les tarifs de la piscine municipale, ce qui confirme l'ouverture du site.",Ville de Sin-le-Noble,https://www.sinlenoble.fr/bougez/envie-de-sport/la-piscine-municipale,2026-03-16,Forte,,1,"La ville de Sin-le-Noble publie les horaires 2025-2026, les cours et les tarifs de la piscine municipale, ce qui confirme l'ouverture du site.",2025-03-31,2017-01-20
I595690016,Sourcéane,59569,Sin-le-Noble,200044618,CA Douaisis Agglo,59,Nord,1,1,open_probable,Ouvert probable,"Douaisis Agglo maintient la page officielle des horaires de Sourcéane et précise que les horaires détaillés sont disponibles sur le site du centre, ce qui confirme l'exploitation du site.",Douaisis Agglo,https://www.douaisis-agglo.com/loisirs/sourceane/horaires/,2026-03-16,Forte,,1,"Douaisis Agglo maintient la page officielle des horaires de Sourcéane et précise que les horaires détaillés sont disponibles sur le site du centre, ce qui confirme l'exploitation du site.",2025-03-31,2024-03-14
I595710003,PISCINE,59571,Solesmes,245901038,CC du Pays Solesmois,59,Nord,2,2,open_probable,Ouvert probable,"La communauté de communes publie une page active avec horaires, plaquette, tarifs et activités de la piscine intercommunale, ce qui confirme l'ouverture du site.",Communauté de Communes du Pays Solesmois,https://www.ccpays-solesmois.fr/piscineintercommunale/,2026-03-16,Forte,,1,"La communauté de communes publie une page active avec horaires, plaquette, tarifs et activités de la piscine intercommunale, ce qui confirme l'ouverture du site.",2025-03-31,2024-02-28
I595860007,Centre aquatique le Chant de l'Eau,59586,Templeuve-en-Pévèle,200041960,CC Pévèle-Carembault,59,Nord,4,4,open_probable,Ouvert probable,"La page institutionnelle de Pévèle Carembault présente Le Chant de l'Eau, ses équipements et renvoie vers les horaires actuels du gestionnaire, ce qui confirme l'exploitation du site.",Office de tourisme Pévèle Carembault,https://tourisme.pevelecarembault.fr/loisirs/equipements-sportifs-communautaires/centre-aquatique-le-chant-de-leau,2026-03-16,Forte,,1,"La page institutionnelle de Pévèle Carembault présente Le Chant de l'Eau, ses équipements et renvoie vers les horaires actuels du gestionnaire, ce qui confirme l'exploitation du site.",2025-03-31,2024-09-27
I595990002,Tourcoing les Bains,59599,Tourcoing,200093201,Métropole Européenne de Lille,59,Nord,7,5,open_probable,Ouvert probable,"La page officielle des équipements sportifs de la Ville de Tourcoing présente Tourcoing-les-Bains avec des horaires complets d'ouverture au public, ce qui confirme l'exploitation du site.",Ville de Tourcoing,https://www.tourcoing.fr/Des-idees-d-activite/Sport/Equipements-sportifs,2026-03-16,Forte,,1,"La page officielle des équipements sportifs de la Ville de Tourcoing présente Tourcoing-les-Bains avec des horaires complets d'ouverture au public, ce qui confirme l'exploitation du site.",2025-03-31,2024-04-24
I590090058,CENTRE NAUTIQUE BABYLONE,59009,Villeneuve-d'Ascq,200093201,Métropole Européenne de Lille,59,Nord,5,1,open_probable,Ouvert probable,La page officielle affiche les horaires du centre nautique Babylone pendant l'hiver 2026 puis en période scolaire.,Ville de Villeneuve d'Ascq,https://piscines.villeneuvedascq.fr/horaires-des-piscines,2026-03-11,Forte,,1,La page officielle affiche les horaires du centre nautique Babylone pendant l'hiver 2026 puis en période scolaire.,2025-03-31,2024-04-24
I590090057,PISCINE DU TRIOLO,59009,Villeneuve-d'Ascq,200093201,Métropole Européenne de Lille,59,Nord,3,2,open_probable,Ouvert probable,"La ville de Villeneuve d'Ascq présente les équipements, animations et actualités de la piscine du Triolo, ce qui confirme l'exploitation du site.",Ville de Villeneuve d'Ascq,https://piscines.villeneuvedascq.fr/piscine-du-triolo-equipements-et-animations,2026-03-16,Forte,,1,"La ville de Villeneuve d'Ascq présente les équipements, animations et actualités de la piscine du Triolo, ce qui confirme l'exploitation du site.",2025-03-31,2024-04-24
I596460016,PISCINE CENTRE NAUTIQUE CALYPSO,59646,Wasquehal,200093201,Métropole Européenne de Lille,59,Nord,2,2,open_probable,Ouvert probable,"Le site officiel de Calypso présente l'espace aquatique, les activités et les informations pratiques du centre de Wasquehal, ce qui confirme l'ouverture du site.",Calypso,https://www.vert-marine.com/calypso-wasquehal-59/,2026-03-16,Forte,,1,"Le site officiel de Calypso présente l'espace aquatique, les activités et les informations pratiques du centre de Wasquehal, ce qui confirme l'ouverture du site.",2025-03-31,2024-04-24
I596480018,Piscine ZEN & O,59648,Wattignies,200093201,Métropole Européenne de Lille,59,Nord,1,1,open_probable,Ouvert probable,"Le guide officiel 2024-2025 de la ville présente Zen&O, ses coordonnées et son fonctionnement, ce qui confirme l'activité du site.",Ville de Wattignies,https://www.mairie-wattignies.com/app/uploads/2024/09/Wattignies-Le-Guide-2024-2025.pdf,2026-03-16,Moyenne,,1,"Le guide officiel 2024-2025 de la ville présente Zen&O, ses coordonnées et son fonctionnement, ce qui confirme l'activité du site.",2025-03-31,2024-04-25
I596630011,Centre aquatique Linéo,59663,Wormhout,200040954,CC des Hauts de Flandre,59,Nord,2,2,open_probable,Ouvert probable,"Le site officiel de Linéo indique un accueil téléphonique durant les horaires d'ouverture et renvoie vers les pages horaires et tarifs, ce qui confirme l'exploitation du centre.",Linéo,https://lineo.cchf.fr/contacter-le-centre/,2026-03-16,Forte,,1,"Le site officiel de Linéo indique un accueil téléphonique durant les horaires d'ouverture et renvoie vers les pages horaires et tarifs, ce qui confirme l'exploitation du centre.",2025-07-29,
I600570045,Aquaspace,60057,Beauvais,200067999,CA du Beauvaisis,60,Oise,5,5,open_probable,Ouvert probable,"La page officielle du Beauvaisis, mise à jour le 19 février 2026, publie les horaires détaillés de l'Aquaspace et ne mentionne qu'une fermeture partielle ponctuelle ou une fermeture de maintenance passée, ce qui confirme l'ouverture au public.",Beauvaisis,https://www.beauvaisis.fr/loisir/sport/sports-installations-sportives-clubs-evenements-sportifs/aquaspace/,2026-03-16,Forte,,1,"La page officielle du Beauvaisis, mise à jour le 19 février 2026, publie les horaires détaillés de l'Aquaspace et ne mentionne qu'une fermeture partielle ponctuelle ou une fermeture de maintenance passée, ce qui confirme l'ouverture au public.",2025-03-31,2024-04-24
I600570060,Piscine Aldebert Bellier,60057,Beauvais,200067999,CA du Beauvaisis,60,Oise,2,2,open_probable,Ouvert probable,"Le Beauvaisis maintient une page active dédiée à la piscine Aldebert Bellier et diffuse aussi une plaquette d'horaires 2025, ce qui confirme l'ouverture du site.",Beauvaisis,https://www.beauvaisis.fr/annuaire/piscine-aldebert-bellier/,2026-03-16,Forte,,1,"Le Beauvaisis maintient une page active dédiée à la piscine Aldebert Bellier et diffuse aussi une plaquette d'horaires 2025, ce qui confirme l'ouverture du site.",2025-03-31,2024-11-28
I601030008,PISCINE INTERCOMMUNALE,60103,Bresles,200067999,CA du Beauvaisis,60,Oise,2,2,open_probable,Ouvert probable,"Le Beauvaisis maintient la piscine intercommunale Jacques Trubert dans son pôle aquatique avec présentation du site, ce qui confirme l'ouverture de l'équipement à Bresles.",Beauvaisis,https://lespiscines.beauvaisis.fr/piscine-jacques-trubert,2026-03-16,Forte,,1,"Le Beauvaisis maintient la piscine intercommunale Jacques Trubert dans son pôle aquatique avec présentation du site, ce qui confirme l'ouverture de l'équipement à Bresles.",2025-03-31,2024-04-24
I601040007,CENTRE NAUTIQUE PHILIPPE LOISEL - KALAMOS,60104,Breteuil,200068005,CC de l'Oise Picarde,60,Oise,3,2,open_probable,Ouvert probable,"Le site officiel du centre nautique Kalamos publie les horaires et l'organisation des bassins, ce qui confirme l'ouverture du site de Breteuil.",Kalamos,https://kalamos.fr/,2026-03-16,Forte,,1,"Le site officiel du centre nautique Kalamos publie les horaires et l'organisation des bassins, ce qui confirme l'ouverture du site de Breteuil.",2025-03-31,2024-02-22
I601390001,PISCINE AQUATHELLE,60139,Chambly,200067973,CC Thelloise,60,Oise,3,2,open_probable,Ouvert probable,"Le site officiel d'Aquathelle publie les horaires des bassins et des actualités datées de 2026, ce qui confirme l'ouverture au public.",Aquathelle,https://aquathelle.fr/,2026-03-16,Forte,,1,"Le site officiel d'Aquathelle publie les horaires des bassins et des actualités datées de 2026, ce qui confirme l'ouverture au public.",2025-03-31,2024-09-26
I601590027,Plaine des sports Zac Mercieres,60159,Compiègne,200067965,CA de la Région de Compiègne et de la Basse Automne,60,Oise,10,2,open_probable,Ouvert probable,"Le site officiel de la piscine-patinoire de Mercières publie ses horaires, sa boutique et ses conditions d'accès, ce qui confirme l'exploitation du site à Compiègne.",Piscine de Mercières,https://piscine-patinoire.compiegne.fr/,2026-03-16,Forte,,1,"Le site officiel de la piscine-patinoire de Mercières publie ses horaires, sa boutique et ses conditions d'accès, ce qui confirme l'exploitation du site à Compiègne.",2025-03-31,2024-04-24
I601750010,Piscine municipale,60175,Creil,200068047,CA Creil Sud Oise,60,Oise,1,1,open_probable,Ouvert probable,"La ville de Creil a publié les horaires d'été 2025, les tarifs et les fermetures ponctuelles de la piscine municipale, ce qui confirme l'exploitation du site.",Ville de Creil,https://www.creil.fr/actualites/piscine-ete-2025,2026-03-16,Forte,,1,"La ville de Creil a publié les horaires d'été 2025, les tarifs et les fermetures ponctuelles de la piscine municipale, ce qui confirme l'exploitation du site.",2025-03-31,2024-04-24
I602230013,CENTRE AQUATIQUE DE LA PLAINE D'ESTREES,60223,Estrées-Saint-Denis,246000897,CC de la Plaine d'Estrées,60,Oise,4,4,open_probable,Ouvert probable,"La communauté de communes et le site du centre aquatique publient encore les horaires et informations pratiques, ce qui confirme la réouverture et l'exploitation après les travaux de 2024.",CC Plaine d'Estrées,https://www.ccplaine-estrees.com/vivre-au-quotidien/sport-et-loisirs/centre-aquatique/,2026-03-16,Forte,,1,"La communauté de communes et le site du centre aquatique publient encore les horaires et informations pratiques, ce qui confirme la réouverture et l'exploitation après les travaux de 2024.",2025-03-31,2024-09-26
I602820009,PISCINE AQUALIS,60282,Gouvieux,246000764,CC de l'Aire Cantilienne,60,Oise,5,4,open_probable,Ouvert probable,"Le site officiel d'Aqualis indique que la structure est ouverte à l'année et 7 jours sur 7, avec des actualités et horaires actifs en 2026.",Aqualis,https://piscineaqualis.fr/,2026-03-16,Forte,,1,"Le site officiel d'Aqualis indique que la structure est ouverte à l'année et 7 jours sur 7, avec des actualités et horaires actifs en 2026.",2025-03-31,2011-06-16
I602860002,PISCINE OCEANE,60286,Grandvilliers,246000848,CC de la Picardie Verte,60,Oise,2,2,open_probable,Ouvert probable,"Le site officiel de la piscine Océane publie les horaires et tarifs du centre, ce qui confirme l'ouverture du site de Grandvilliers.",Piscine Océane,https://piscineoceane.fr/horaires-et-tarifs/,2026-03-16,Forte,,1,"Le site officiel de la piscine Océane publie les horaires et tarifs du centre, ce qui confirme l'ouverture du site de Grandvilliers.",2025-03-31,2024-04-24
I603950010,Piscine des Sablons,60395,Méru,246000582,CC des Sablons,60,Oise,2,2,open_probable,Ouvert probable,"Le site officiel d'Aquoise publie les horaires scolaires et vacances 2026 ainsi que des actualités récentes, ce qui confirme l'ouverture du centre aquatique de Méru.",Aquoise,https://aquoise.fr/horaires.html,2026-03-16,Forte,,1,"Le site officiel d'Aquoise publie les horaires scolaires et vacances 2026 ainsi que des actualités récentes, ce qui confirme l'ouverture du centre aquatique de Méru.",2025-03-31,2024-04-24
I604710011,PISCINE MUNICIPALE PAUL BOUTEFEU,60471,Noyon,246000756,CC du Pays Noyonnais,60,Oise,3,2,open_probable,Ouvert probable,Le magazine municipal présente les horaires estivaux et les usages publics de la piscine Paul Boutefeu.,Ville de Noyon,https://www.ville-noyon.fr/app/uploads/2024/03/VAN-juin-2022-web.pdf,2026-03-11,Moyenne,,1,Le magazine municipal présente les horaires estivaux et les usages publics de la piscine Paul Boutefeu.,2025-03-31,2024-04-24
I605090006,PISCINE,60509,Pont-Sainte-Maxence,246000921,CC des Pays d'Oise et d'Halatte,60,Oise,1,1,open_probable,Ouvert probable,"Le guide touristique municipal 2025 recense la piscine Jacques Moignet avec horaires et contact, sans signal de fermeture durable.",Ville de Pont-Sainte-Maxence,https://pontsaintemaxence.fr/wp-content/uploads/2025/03/Guide-touristique-2025-WEB.pdf,2026-03-11,Moyenne,,1,"Le guide touristique municipal 2025 recense la piscine Jacques Moignet avec horaires et contact, sans signal de fermeture durable.",2025-03-31,2024-01-31
I606360002,PISCINE GEORGES BONICHOT,60636,Thourotte,246000772,CC des Deux Vallées,60,Oise,1,1,open_probable,Ouvert probable,"La ville de Thourotte publie la page de la piscine Georges Bonichot avec horaires en période scolaire et vacances, ce qui confirme l'ouverture du site.",Ville de Thourotte,https://www.thourotte.fr/fr/culture-et-loisirs/vie-sportive/piscine/,2026-03-16,Forte,,1,"La ville de Thourotte publie la page de la piscine Georges Bonichot avec horaires en période scolaire et vacances, ce qui confirme l'ouverture du site.",2025-03-31,2019-09-19
I606890002,CENTRE DES SPORTS RIMBERLIEU,60689,Villers-sur-Coudun,246000855,CC du Pays des Sources,60,Oise,13,1,open_probable,Ouvert probable,"La communauté de communes présente le club de Rimberlieu comme lieu actif avec animations, natation pendant les vacances et soirées au bord de la piscine, ce qui confirme l'exploitation du site.",Communauté de Communes du Pays des Sources,https://www.cc-pays-sources.fr/fiche-annuaire/club-des-sports-de-rimberlieu/,2026-03-16,Moyenne,,1,"La communauté de communes présente le club de Rimberlieu comme lieu actif avec animations, natation pendant les vacances et soirées au bord de la piscine, ce qui confirme l'exploitation du site.",2025-03-31,2020-12-12
I620040009,PISCINE MUNICIPALE,62004,Achicourt,200033579,CU d'Arras,62,Pas-de-Calais,1,1,open_probable,Ouvert probable,"L'annuaire officiel du Grand Arras publie les horaires de la piscine François Menard et indique une mise à jour au 29 juillet 2025, ce qui confirme la réouverture du site.",Grand Arras,https://www.grandarras.fr/annuaire-des-equipements/piscine-francois-menard,2026-03-16,Forte,,1,"L'annuaire officiel du Grand Arras publie les horaires de la piscine François Menard et indique une mise à jour au 29 juillet 2025, ce qui confirme la réouverture du site.",2025-03-31,2024-01-31
I620140019,AQUALYS,62014,Aire-sur-la-Lys,200069037,CA du Pays de Saint-Omer,62,Pas-de-Calais,2,2,open_probable,Ouvert probable,"La fiche institutionnelle du Pays de Saint-Omer indique que le centre aquatique Aqualys est ouvert tous les jours de l'année et renvoie vers le site de l'exploitant, ce qui confirme l'exploitation du site.",Office de tourisme du Pays de Saint-Omer,https://en.tourisme-saintomer.com/get-out-and-about/activities-and-leisure/centre-aquatique-aqualys-aire-sur-la-lys-en-3600303/,2026-03-16,Moyenne,,1,"La fiche institutionnelle du Pays de Saint-Omer indique que le centre aquatique Aqualys est ouvert tous les jours de l'année et renvoie vers le site de l'exploitant, ce qui confirme l'exploitation du site.",2025-03-31,2025-01-31
I620140013,PISCINE IRIS,62014,Aire-sur-la-Lys,200069037,CA du Pays de Saint-Omer,62,Pas-de-Calais,1,1,open_probable,Ouvert probable,La page CAPSO présente Aqualys comme un équipement actif avec activités toute l'année et renvoi vers les horaires.,CAPSO,https://www.ca-pso.fr/quotidien/sport/equipements/aqualys/,2026-03-11,Moyenne,,1,La page CAPSO présente Aqualys comme un équipement actif avec activités toute l'année et renvoi vers les horaires.,2025-03-31,2024-03-15
I620400005,PISCINE MUNICIPALE,62040,Arques,200069037,CA du Pays de Saint-Omer,62,Pas-de-Calais,2,2,open_probable,Ouvert probable,"La CAPSO publie les horaires, activités et coordonnées de la piscine communautaire d'Arques, ce qui confirme l'ouverture du site.",CAPSO,https://www.ca-pso.fr/quotidien/sport/equipements/piscine-arques/,2026-03-16,Forte,,1,"La CAPSO publie les horaires, activités et coordonnées de la piscine communautaire d'Arques, ce qui confirme l'ouverture du site.",2025-03-31,2024-01-31
I620410045,PISCINE ELIE DESBIN,62041,Arras,200033579,CU d'Arras,62,Pas-de-Calais,3,2,open_probable,Ouvert probable,"L'agenda officiel de la ville d'Arras annonce encore en avril 2025 un événement de water-polo à la piscine Elie Desbin, ce qui confirme l'exploitation du site.",Ville d'Arras,https://www.arras.fr/evenement/rca-water-polo-1-8e-de-finales-n1f,2026-03-16,Moyenne,,1,"L'agenda officiel de la ville d'Arras annonce encore en avril 2025 un événement de water-polo à la piscine Elie Desbin, ce qui confirme l'exploitation du site.",2025-03-31,2024-04-24
I620410067,PISCINE GEORGES DAULLE,62041,Arras,200033579,CU d'Arras,62,Pas-de-Calais,2,2,open_probable,Ouvert probable,"La communauté urbaine d'Arras publie les horaires détaillés de la piscine Georges Daullé, mis à jour à l'été 2025, ce qui confirme l'ouverture du site.",Communauté urbaine d'Arras,https://www.grandarras.fr/annuaire-des-equipements/piscine-georges-daulle,2026-03-16,Forte,,1,"La communauté urbaine d'Arras publie les horaires détaillés de la piscine Georges Daullé, mis à jour à l'été 2025, ce qui confirme l'ouverture du site.",2025-03-31,2024-04-24
I620570009,PISCINE INTERCOMMUNALE,62057,Audruicq,246200844,CC de la Région d'Audruicq,62,Pas-de-Calais,1,1,open_probable,Ouvert probable,"La communauté de communes maintient une page dédiée à la piscine intercommunale avec rubriques horaires, activités et tarifs, ce qui confirme l'exploitation du site d'Audruicq.",Communauté de Communes de la Région d'Audruicq,https://www.ccra.fr/La-piscine-intercommunale/40/,2026-03-16,Moyenne,,1,"La communauté de communes maintient une page dédiée à la piscine intercommunale avec rubriques horaires, activités et tarifs, ce qui confirme l'exploitation du site d'Audruicq.",2025-03-31,2015-08-25
I620650002,PISCINE MUNICIPALE,62065,Avion,246200364,CA de Lens - Liévin,62,Pas-de-Calais,1,1,open_probable,Ouvert probable,"La ville d'Avion a publié des horaires élargis, les tarifs et les activités de la piscine municipale, ce qui confirme l'ouverture du site.",Ville d'Avion,https://ville-avion.fr/piscine-municipale-0,2026-03-16,Forte,,1,"La ville d'Avion a publié des horaires élargis, les tarifs et les activités de la piscine municipale, ce qui confirme l'ouverture du site.",2025-03-31,2019-02-14
I620800008,PISCINE INTERCOMMUNALE,62080,Bapaume,200035442,CC du Sud-Artois,62,Pas-de-Calais,1,1,open_probable,Ouvert probable,La communauté de communes présente la piscine Oxygène du Seuil de l'Artois comme équipement de loisirs en service à Bapaume.,Communauté de communes du Sud-Artois,https://www.cc-sudartois.fr/me-divertir/piscine-oxygene-du-seuil-de-lartois,2026-03-16,Forte,,1,La communauté de communes présente la piscine Oxygène du Seuil de l'Artois comme équipement de loisirs en service à Bapaume.,2025-03-31,2024-02-14
I620830008,"Piscine communautaire à Barlin ""Le NAUTILUD""",62083,Barlin,200072460,"CA de Béthune-Bruay, Artois-Lys Romane",62,Pas-de-Calais,1,1,open_probable,Ouvert probable,"La ville de Barlin maintient une page dédiée au Nautilud et renvoie vers les horaires et tarifs de la piscine communautaire, ce qui confirme son exploitation.",Ville de Barlin,https://www.barlin.fr/piscine,2026-03-16,Forte,,1,"La ville de Barlin maintient une page dédiée au Nautilud et renvoie vers les horaires et tarifs de la piscine communautaire, ce qui confirme son exploitation.",2025-03-31,2020-02-29
I621330012,Centre Aquatique Louis Aragon,62133,Billy-Montigny,246200364,CA de Lens - Liévin,62,Pas-de-Calais,2,2,open_probable,Ouvert probable,"La page municipale du centre aquatique Louis Aragon publie les coordonnées, les horaires et l'accès au site, ce qui confirme l'ouverture du nouvel équipement.",Ville de Billy-Montigny,https://www.billy-montigny.fr/site/vivre-a-billy-montigny/sport/centre-aquatique/,2026-03-16,Forte,,1,"La page municipale du centre aquatique Louis Aragon publie les coordonnées, les horaires et l'accès au site, ce qui confirme l'ouverture du nouvel équipement.",2025-03-31,2024-11-28
I621600029,PISCINE MUNICIPALE,62160,Boulogne-sur-Mer,246200729,CA du Boulonnais,62,Pas-de-Calais,3,3,open_probable,Ouvert probable,"La ville de Boulogne-sur-Mer indique la réouverture de la piscine municipale et publie ses informations d'exploitation, ce qui confirme l'ouverture du site.",Ville de Boulogne-sur-Mer,https://www.ville-boulogne-sur-mer.fr/annuaire/piscine-municipale/,2026-03-16,Forte,,1,"La ville de Boulogne-sur-Mer indique la réouverture de la piscine municipale et publie ses informations d'exploitation, ce qui confirme l'ouverture du site.",2025-03-31,2020-10-06
I621190008,CENTRE AQUATIQUE CITE d'O,62119,Béthune,200072460,"CA de Béthune-Bruay, Artois-Lys Romane",62,Pas-de-Calais,7,4,open_probable,Ouvert probable,Le site officiel affiche les horaires du jour et annonce seulement une fermeture exceptionnelle du 13 au 15 mars 2026.,Cité d'O Béthune,https://centreaquatiquebethune.fr/plannings.html,2026-03-11,Forte,,1,Le site officiel affiche les horaires du jour et annonce seulement une fermeture exceptionnelle du 13 au 15 mars 2026.,2025-03-31,2024-09-26
I621930039,Complexe Icéo,62193,Calais,200090751,CA Grand Calais Terres et Mers,62,Pas-de-Calais,9,6,open_probable,Ouvert probable,"Grand Calais Terres & Mers indique en juin 2025 les horaires d'ouverture estivale, l'ouverture les 14 juillet et 15 août et les inscriptions aux stages directement à l'accueil du complexe Icéo, ce qui confirme l'exploitation du site.",Grand Calais Terres & Mers,https://www.grandcalais.fr/la-saison-estivale-diceo-est-lancee/,2026-03-16,Forte,,1,"Grand Calais Terres & Mers indique en juin 2025 les horaires d'ouverture estivale, l'ouverture les 14 juillet et 15 août et les inscriptions aux stages directement à l'accueil du complexe Icéo, ce qui confirme l'exploitation du site.",2025-03-31,2024-04-24
I621930005,PISCINE EMILE RANSON,62193,Calais,200090751,CA Grand Calais Terres et Mers,62,Pas-de-Calais,2,2,open_probable,Ouvert probable,"La fiche institutionnelle Calais XXL présente la piscine Emile Ranson comme équipement de l'agglomération avec coordonnées et site officiel, ce qui confirme l'exploitation du site.",Calais XXL,https://www.calaisxxl.com/offres/a-voir-a-faire/piscine-ranson/,2026-03-16,Moyenne,,1,"La fiche institutionnelle Calais XXL présente la piscine Emile Ranson comme équipement de l'agglomération avec coordonnées et site officiel, ce qui confirme l'exploitation du site.",2025-03-31,2024-04-24
I622500003,piscine municipale,62250,Courrières,246200299,CA d'Hénin-Carvin,62,Pas-de-Calais,1,1,open_probable,Ouvert probable,"La ville de Courrières présente la piscine municipale, ses bassins, ses coordonnées et ses horaires d'accueil, ce qui confirme l'ouverture du site.",Ville de Courrières,https://www.courrieres.fr/activites/piscine,2026-03-16,Forte,,1,"La ville de Courrières présente la piscine municipale, ses bassins, ses coordonnées et ses horaires d'accueil, ce qui confirme l'ouverture du site.",2025-03-31,2024-02-07
I622680012,Centre Aquatique Naturéo,62268,Desvres,200018083,CC de Desvres-Samer,62,Pas-de-Calais,2,2,open_probable,Ouvert probable,"Le site officiel de Naturéo à Desvres publie ses tarifs, ses horaires et ses activités, ce qui confirme l'ouverture du centre aquatique.",Naturéo,https://www.natureo-ccds.fr/,2026-03-16,Forte,,1,"Le site officiel de Naturéo à Desvres publie ses tarifs, ses horaires et ses activités, ce qui confirme l'ouverture du centre aquatique.",2026-01-13,
I622700008,PISCINE TOURNESOL,62270,Divion,200072460,"CA de Béthune-Bruay, Artois-Lys Romane",62,Pas-de-Calais,1,1,open_probable,Ouvert probable,"La ville de Divion présente la piscine communautaire, ses horaires et ses caractéristiques, ce qui confirme l'exploitation du site.",Ville de Divion,https://divion.fr/sorties/sport/piscine/,2026-03-16,Forte,,1,"La ville de Divion présente la piscine communautaire, ses horaires et ses caractéristiques, ce qui confirme l'exploitation du site.",2025-03-31,2024-02-21
I623610002,COMPLEXE SIDONIE GUITTARD,62361,Frévent,200069672,CC du Ternois,62,Pas-de-Calais,6,2,open_probable,Ouvert probable,Le procès-verbal du conseil municipal du 27 juin 2025 mentionne la réouverture de la piscine et le site municipal des équipements sportifs la liste encore en 2026.,Ville de Frévent,https://www.villedefrevent.fr/wp-content/uploads/2023/03/Proces-verbal-CM-27-JUIN-2025.pdf,2026-03-16,Moyenne,,1,Le procès-verbal du conseil municipal du 27 juin 2025 mentionne la réouverture de la piscine et le site municipal des équipements sportifs la liste encore en 2026.,2025-03-31,2024-02-01
I624430002,INSTALLATIONS SPORTIVES complexe vivre,62443,Hersin-Coupigny,200072460,"CA de Béthune-Bruay, Artois-Lys Romane",62,Pas-de-Calais,3,1,open_probable,Ouvert probable,"L'Agglomération indique le 21 janvier 2026 que la piscine d'Hersin-Coupigny, rénovée et agrandie, a été inaugurée le 15 janvier 2026 après 17 mois de chantier.",Béthune-Bruay Agglomération,https://www.bethunebruay.fr/fr/actualites/aqualoisne-la-piscine-dhersin-coupigny-renovee,2026-03-16,Forte,,1,"L'Agglomération indique le 21 janvier 2026 que la piscine d'Hersin-Coupigny, rénovée et agrandie, a été inaugurée le 15 janvier 2026 après 17 mois de chantier.",2025-03-31,2024-02-22
I624270010,Piscine Municipale Jean Jacques MALINA,62427,Hénin-Beaumont,246200299,CA d'Hénin-Carvin,62,Pas-de-Calais,2,2,open_probable,Ouvert probable,"Le programme officiel de la Fête du sport 2025 propose des portes ouvertes et un tarif spécial à la piscine Jean-Jacques Malina, ce qui confirme son exploitation.",Ville d'Hénin-Beaumont,https://www.henin-beaumont.fr/site/wp-content/uploads/2025/08/Livret-fete-du-sport-vf.pdf,2026-03-16,Moyenne,,1,"Le programme officiel de la Fête du sport 2025 propose des portes ouvertes et un tarif spécial à la piscine Jean-Jacques Malina, ce qui confirme son exploitation.",2025-03-31,2024-09-19
I624980051,Aqualens,62498,Lens,246200364,CA de Lens - Liévin,62,Pas-de-Calais,6,3,open_probable,Ouvert probable,"La page officielle d'Aqualens publie les horaires et tarifs du centre aquatique, ainsi que des actualités d'exploitation en 2025, sans signal de fermeture saisonnière ou durable.",Centre aquatique Aqualens,https://www.aqualens.fr/baignade-et-balneo/,2026-03-16,Forte,,1,"La page officielle d'Aqualens publie les horaires et tarifs du centre aquatique, ainsi que des actualités d'exploitation en 2025, sans signal de fermeture saisonnière ou durable.",2025-03-31,2024-11-15
I625160007,Piscine (Parc du Brule),62516,Lillers,200072460,"CA de Béthune-Bruay, Artois-Lys Romane",62,Pas-de-Calais,1,1,open_probable,Ouvert probable,L'annuaire communautaire référence la piscine de Lillers comme équipement en service avec ses caractéristiques et coordonnées.,Béthune-Bruay.fr,https://www.bethunebruay.fr/fr/annuaire-des-sites-communautaires-et-mairies/piscine-de-lillers,2026-03-16,Moyenne,,1,L'annuaire communautaire référence la piscine de Lillers comme équipement en service avec ses caractéristiques et coordonnées.,2025-03-31,2024-09-19
I625100041,Espace aquatique et de remise en forme NAUTICAA,62510,Liévin,246200364,CA de Lens - Liévin,62,Pas-de-Calais,8,5,open_probable,Ouvert probable,Le site officiel de Nauticaa affiche les horaires et plannings de la semaine du 9 mars 2026.,Nauticaa,https://www.nauticaa.fr/planning/,2026-03-11,Forte,,1,Le site officiel de Nauticaa affiche les horaires et plannings de la semaine du 9 mars 2026.,2025-03-31,2024-09-19
I625250002,SCENEO,62525,Longuenesse,200069037,CA du Pays de Saint-Omer,62,Pas-de-Calais,2,2,open_probable,Ouvert probable,"Le site officiel de Scénéo détaille les espaces aquatiques, les horaires et les activités, ce qui confirme l'exploitation du site de Longuenesse.",Scénéo,https://www.sceneo-aqua.fr/,2026-03-16,Forte,,1,"Le site officiel de Scénéo détaille les espaces aquatiques, les horaires et les activités, ce qui confirme l'exploitation du site de Longuenesse.",2025-03-31,2024-04-24
I625340009,Piscine Intercommunale de Lumbres,62534,Lumbres,246201016,CC du Pays de Lumbres,62,Pas-de-Calais,2,2,open_probable,Ouvert probable,"La ville de Lumbres référence la piscine intercommunale parmi les équipements sportifs du territoire, sans signal de fermeture durable.",Ville de Lumbres,https://www.ville-lumbres.fr/fr/rb/438133/sport-45,2026-03-16,Moyenne,,1,"La ville de Lumbres référence la piscine intercommunale parmi les équipements sportifs du territoire, sans signal de fermeture durable.",2025-03-31,2024-04-24
I625490001,Aquatic & Bowling Center de l'Hesdinois,62549,Marconne,200044030,CC des 7 Vallées,62,Pas-de-Calais,5,3,open_probable,Ouvert probable,"Le site officiel de l'Aquatic et Bowling Center de l'Hesdinois publie horaires, activités et informations d'accès, ce qui confirme l'ouverture du site.",ABC Hesdinois,https://www.abc-hesdinois.fr/,2026-03-16,Forte,,1,"Le site officiel de l'Aquatic et Bowling Center de l'Hesdinois publie horaires, activités et informations d'accès, ce qui confirme l'ouverture du site.",2025-03-31,2024-09-26
I625590002,COMPLEXE SPORTIF DU COLLEGE DES MARCHES DE L'ARTOIS,62559,Marquion,200044048,CC Osartis Marquion,62,Pas-de-Calais,2,1,open_probable,Ouvert probable,"La page communale présente encore le collège des Marches de l'Artois de Marquion comme disposant d'une piscine, ce qui concorde avec Data ES 2025 et l'autorisation d'ouverture déclarée.",Commune de Riencourt-les-Cagnicourt,https://riencourtlescagnicourt.fr/vie-scolaire-4,2026-03-16,Moyenne,,1,"La page communale présente encore le collège des Marches de l'Artois de Marquion comme disposant d'une piscine, ce qui concorde avec Data ES 2025 et l'autorisation d'ouverture déclarée.",2025-03-31,2024-09-02
I626170019,Piscine municipale,62617,Nœux-les-Mines,200072460,"CA de Béthune-Bruay, Artois-Lys Romane",62,Pas-de-Calais,2,2,open_probable,Ouvert probable,"L'agglomération maintient la piscine communautaire de Nœux-les-Mines dans sa liste des piscines ouvertes au public et renvoie vers ses horaires, ce qui confirme l'exploitation du site.",Bethune-Bruay Agglomération,https://www.bethunebruay.fr/fr/piscines-communautaires,2026-03-16,Forte,,1,"L'agglomération maintient la piscine communautaire de Nœux-les-Mines dans sa liste des piscines ouvertes au public et renvoie vers ses horaires, ce qui confirme l'exploitation du site.",2025-03-31,2024-04-24
I626430016,PISCINE INTERCOMMUNAL OCEANE,62643,Outreau,246200729,CA du Boulonnais,62,Pas-de-Calais,2,2,open_probable,Ouvert probable,"Le site officiel de la piscine intercommunale Océane détaille les activités, l'école de natation et l'accès au site, ce qui confirme l'exploitation du centre.",Piscine Océane,https://www.oceane-piscine.fr/,2026-03-16,Forte,,1,"Le site officiel de la piscine intercommunale Océane détaille les activités, l'école de natation et l'accès au site, ce qui confirme l'exploitation du centre.",2025-03-31,2024-02-01
I627580010,Hélicéa,62758,Saint-Martin-Boulogne,246200729,CA du Boulonnais,62,Pas-de-Calais,3,2,open_probable,Ouvert probable,"Le site officiel d'Hélicéa détaille l'espace aquatique, les équipements et les contacts du complexe, sans signal de fermeture durable.",Hélicéa,https://helicea-cab.fr/,2026-03-16,Forte,,1,"Le site officiel d'Hélicéa détaille l'espace aquatique, les équipements et les contacts du complexe, sans signal de fermeture durable.",2025-03-31,2024-09-26
I627650014,Base Nautique d'aviron,62765,Saint-Omer,200069037,CA du Pays de Saint-Omer,62,Pas-de-Calais,1,0,open_probable,Ouvert probable,Aucun signal de fermeture détecté dans Data ES.,Data ES calculé,,,,,0,,2025-03-31,2024-02-01
I628650007,Centre aquatique Aquatis,62865,Vitry-en-Artois,200044048,CC Osartis Marquion,62,Pas-de-Calais,5,3,open_probable,Ouvert probable,"La mairie de Vitry-en-Artois annonce en décembre 2025 une fermeture annuelle d'entretien du 22 décembre 2025 au 4 janvier 2026, ce qui confirme que l'espace aqualudique Aquatis est bien en exploitation.",Mairie de Vitry-en-Artois,https://www.intramuros.org/vitry-en-artois/actualites/-54514,2026-03-16,Forte,,1,"La mairie de Vitry-en-Artois annonce en décembre 2025 une fermeture annuelle d'entretien du 22 décembre 2025 au 4 janvier 2026, ce qui confirme que l'espace aqualudique Aquatis est bien en exploitation.",2025-03-31,
I622890007,PISCINE MUNICIPALE,62289,Écuires,200069029,CA des Deux Baies en Montreuillois,62,Pas-de-Calais,3,2,open_probable,Ouvert probable,"La page officielle CA2BM publie des horaires 2025 avec fermetures techniques ponctuelles, ce qui confirme l'exploitation du centre aquatique intercommunal.",CA2BM,https://www.ca2bm.fr/tourisme-sport-culture/tourisme/le-centre-aquatique-intercommunal/,2026-03-11,Moyenne,,1,"La page officielle CA2BM publie des horaires 2025 avec fermetures techniques ponctuelles, ce qui confirme l'exploitation du centre aquatique intercommunal.",2025-03-31,2019-02-08
I623180002,PISCINE,62318,Étaples,200069029,CA des Deux Baies en Montreuillois,62,Pas-de-Calais,1,1,open_probable,Ouvert probable,"La ville d'Étaples-sur-Mer publie les horaires de la piscine intercommunale, y compris pour les petites vacances et les grandes vacances, ce qui confirme l'ouverture du site.",Ville d'Étaples-sur-Mer,https://etaples-sur-mer.fr/vie-pratique/piscine-intercommunale/,2026-03-16,Forte,,1,"La ville d'Étaples-sur-Mer publie les horaires de la piscine intercommunale, y compris pour les petites vacances et les grandes vacances, ce qui confirme l'ouverture du site.",2025-03-31,2024-04-24
I800010025,Piscine : AQU'ABB,80001,Abbeville,200070993,CA de la Baie de Somme,80,Somme,6,4,open_probable,Ouvert probable,Le site officiel Aqu'ABB affiche les horaires de la semaine du lundi 9 mars 2026.,Aqu'ABB,https://www.resaquabb.fr/,2026-03-11,Forte,,1,Le site officiel Aqu'ABB affiche les horaires de la semaine du lundi 9 mars 2026.,2025-03-31,2024-02-22
I800160008,Piscine Caneton,80016,Albert,248000747,CC du Pays du Coquelicot,80,Somme,1,1,open_probable,Ouvert probable,"La ville d'Albert publie les horaires d'ouverture, les animations municipales et les tarifs 2025 de la piscine Caneton, ce qui confirme l'ouverture du site.",Ville d'Albert,https://www.ville-albert.fr/piscine-municipale/,2026-03-16,Forte,,1,"La ville d'Albert publie les horaires d'ouverture, les animations municipales et les tarifs 2025 de la piscine Caneton, ce qui confirme l'ouverture du site.",2025-03-31,2024-02-05
I800210162,Centre Aquatique Amiens Metropole,80021,Amiens,248000531,CA Amiens Métropole,80,Somme,5,4,open_probable,Ouvert probable,"Le site officiel d'Aquapôle publie les horaires actuels des bassins 50 m, 25 m et ludique, ainsi que des actualités datées de 2026, ce qui confirme l'ouverture au public.",Aquapôle Amiens,https://aquapole-amiens.fr/horaires.html,2026-03-16,Forte,,1,"Le site officiel d'Aquapôle publie les horaires actuels des bassins 50 m, 25 m et ludique, ainsi que des actualités datées de 2026, ce qui confirme l'ouverture au public.",2025-03-31,2024-09-26
I800210059,Coliseum,80021,Amiens,248000531,CA Amiens Métropole,80,Somme,16,4,open_probable,Ouvert probable,"La page officielle d'Amiens Métropole publie les horaires détaillés de la piscine du Coliseum en mars 2026 et ne signale qu'une fermeture ponctuelle du 6 au 8 mars, ce qui confirme l'ouverture du site.",Amiens Métropole,https://www.amiens.fr/Vivre-a-Amiens/Sport/Les-grands-equipements-sportifs/Coliseum/Horaires-Tarifs-Piscine-et-Patinoire,2026-03-16,Forte,,1,"La page officielle d'Amiens Métropole publie les horaires détaillés de la piscine du Coliseum en mars 2026 et ne signale qu'une fermeture ponctuelle du 6 au 8 mars, ce qui confirme l'ouverture du site.",2025-03-31,2024-02-22
I802530014,Piscine municipale Centre Nautique Marc Revaux,80253,Doullens,200070951,CC du Territoire Nord Picardie,80,Somme,2,0,open_probable,Ouvert probable,Aucun signal de fermeture détecté dans Data ES.,Data ES calculé,,,,,0,,2025-03-31,2024-02-05
I802530004,Stand de tir de la Citadelle,80253,Doullens,200070951,CC du Territoire Nord Picardie,80,Somme,1,0,open_probable,Ouvert probable,Aucun signal de fermeture détecté dans Data ES.,Data ES calculé,,,,,0,,2025-03-31,2019-11-26
I803680002,Complexe sportif Viméo,80368,Friville-Escarbotin,200070944,CC du Vimeu,80,Somme,1,1,open_probable,Ouvert probable,"Le site officiel de Viméo est actif, avec coordonnées, accès, formulaire de contact et rubrique horaires et tarifs, ce qui confirme l'exploitation du centre aquatique.",Viméo,https://vimeo.ccvimeu.fr/contact/,2026-03-16,Forte,,1,"Le site officiel de Viméo est actif, avec coordonnées, accès, formulaire de contact et rubrique horaires et tarifs, ce qui confirme l'exploitation du centre aquatique.",2025-03-31,2024-03-17
I804100008,Piscine Aquari'Ham,80410,Ham,200070985,CC de l'Est de la Somme,80,Somme,2,2,open_probable,Ouvert probable,"L'office de tourisme institutionnel décrit Aquari'Ham comme centre aquatique en service avec activités, tarifs et contact, ce qui confirme l'exploitation du site.",Peronne Haute Somme Tourisme,https://www.peronnehautesomme-tourisme.com/en/loisirs/centre-aquatique-aquariham/,2026-03-16,Moyenne,,1,"L'office de tourisme institutionnel décrit Aquari'Ham comme centre aquatique en service avec activités, tarifs et contact, ce qui confirme l'exploitation du site.",2025-03-31,2024-04-25
I805700001,Centre aquatique Alméo,80570,Moreuil,200070969,CC Avre Luce Noye,80,Somme,6,3,open_probable,Ouvert probable,"Le site officiel d'Alméo publie des actualités datées de 2026 et présente le centre aquatique comme actif à Moreuil, sans signal de fermeture durable.",Alméo,https://www.almeo.fr/,2026-03-16,Forte,,1,"Le site officiel d'Alméo publie des actualités datées de 2026 et présente le centre aquatique comme actif à Moreuil, sans signal de fermeture durable.",2025-03-31,2011-11-22
I806200002,CENTRE AQUATIQUE,80620,Péronne,200037059,CC de la Haute Somme (Combles - Péronne - Roisel),80,Somme,1,1,open_probable,Ouvert probable,"Le site officiel du centre aquatique O2 Somme est actif en 2026 pour la vente en ligne et la réservation, ce qui confirme l'exploitation du site de Péronne.",Centre aquatique O2 Somme,https://centre-aquatique-o2-somme.horanet.com/,2026-03-16,Forte,,1,"Le site officiel du centre aquatique O2 Somme est actif en 2026 pour la vente en ligne et la réservation, ce qui confirme l'exploitation du site de Péronne.",2025-03-31,2024-02-01
I806850010,Arobase,80685,Roye,200070977,CC du Grand Roye,80,Somme,1,1,open_probable,Ouvert probable,"Le site officiel d'Arobase publie les horaires, les espaces et les activités du centre aquatique de Roye, ce qui confirme l'ouverture au public.",Arobase,https://www.arobase-roye.fr/,2026-03-16,Forte,,1,"Le site officiel d'Arobase publie les horaires, les espaces et les activités du centre aquatique de Roye, ce qui confirme l'ouverture au public.",2025-03-31,2024-06-11
